Variant,Churn AUC,Churn F1,Rec Recall@10,Rec NDCG@10,Description
Churn Only,0.7437138618214431,0.6062474311549527,0.0,0.0,"Predict churn, random product suggestion"
Churn + Retrieval,0.7437138618214431,0.6062474311549527,0.7090238095238096,0.7542462122417706,Churn + ALS retrieval
Churn + Retrieval + Ranking,0.7437138618214431,0.6062474311549527,0.7090238095238096,0.8296708334659477,Full pipeline with NeuMF ranking
Full + LLM Reranker,0.7437138618214431,0.6062474311549527,0.7090238095238096,0.8711543751392451,Full pipeline + LLM semantic reranking
