model,recall@5,ndcg@5,recall@10,ndcg@10,recall@20,ndcg@20
ALS,0.7940166666666668,0.8223447027702891,0.7090238095238096,0.7542462122417706,0.6359274815827447,0.6878004614884755
Item2Vec,0.7181000000000002,0.738219092698019,0.654327380952381,0.6869233096275443,0.6000768811984369,0.6363514841881633
Two-Tower,0.49595000000000006,0.5009549282806435,0.4808321428571429,0.4842157610939154,0.4786641754873953,0.47174909481398536
